{
  "config": {
    "chem": {
      "point_group": "C1"
    },
    "eps_pt": 1e-10,
    "eps_vars": [
      5e-05
    ],
    "eps_vars_schedule": [
      0.002,
      0.001,
      0.0005,
      0.0002,
      0.0001
    ],
    "n_dn": 18,
    "n_states": 13,
    "n_up": 18,
    "s2": true,
    "system": "chem"
  },
  "energy_hf": -1377.3634496720733,
  "energy_total": {
    "5.00e-05": {
      "1.00e-10": {
        "uncert": 3.4847753112671622e-06,
        "value": -1377.7028847492254
      }
    }
  },
  "energy_total_1": {
    "5.00e-05": {
      "1.00e-10": {
        "uncert": 5.848002159641893e-06,
        "value": -1377.57695301396
      }
    }
  },
  "energy_total_10": {
    "5.00e-05": {
      "1.00e-10": {
        "uncert": 6.387619711116036e-06,
        "value": -1377.5267430361998
      }
    }
  },
  "energy_total_11": {
    "5.00e-05": {
      "1.00e-10": {
        "uncert": 7.576267630517563e-06,
        "value": -1377.5261240480636
      }
    }
  },
  "energy_total_12": {
    "5.00e-05": {
      "1.00e-10": {
        "uncert": 6.501745980785002e-06,
        "value": -1377.5241824449172
      }
    }
  },
  "energy_total_2": {
    "5.00e-05": {
      "1.00e-10": {
        "uncert": 6.0286951655158055e-06,
        "value": -1377.5698029602263
      }
    }
  },
  "energy_total_3": {
    "5.00e-05": {
      "1.00e-10": {
        "uncert": 5.849937508224609e-06,
        "value": -1377.5685653983896
      }
    }
  },
  "energy_total_4": {
    "5.00e-05": {
      "1.00e-10": {
        "uncert": 6.841090943030655e-06,
        "value": -1377.5514303798045
      }
    }
  },
  "energy_total_5": {
    "5.00e-05": {
      "1.00e-10": {
        "uncert": 6.703233358994859e-06,
        "value": -1377.550930153132
      }
    }
  },
  "energy_total_6": {
    "5.00e-05": {
      "1.00e-10": {
        "uncert": 6.488902789126058e-06,
        "value": -1377.5365596259855
      }
    }
  },
  "energy_total_7": {
    "5.00e-05": {
      "1.00e-10": {
        "uncert": 6.020379532798915e-06,
        "value": -1377.5293391431971
      }
    }
  },
  "energy_total_8": {
    "5.00e-05": {
      "1.00e-10": {
        "uncert": 6.400274977745445e-06,
        "value": -1377.5285779108826
      }
    }
  },
  "energy_total_9": {
    "5.00e-05": {
      "1.00e-10": {
        "uncert": 7.30649352868428e-06,
        "value": -1377.5294188252656
      }
    }
  },
  "energy_var": {
    "5.00e-05": -1377.6933841944472
  },
  "energy_var_1": {
    "5.00e-05": -1377.558236052851
  },
  "energy_var_10": {
    "5.00e-05": -1377.5071393942112
  },
  "energy_var_11": {
    "5.00e-05": -1377.5056658362764
  },
  "energy_var_12": {
    "5.00e-05": -1377.5039927462499
  },
  "energy_var_2": {
    "5.00e-05": -1377.5515184433211
  },
  "energy_var_3": {
    "5.00e-05": -1377.549048641262
  },
  "energy_var_4": {
    "5.00e-05": -1377.5327356475923
  },
  "energy_var_5": {
    "5.00e-05": -1377.531589731926
  },
  "energy_var_6": {
    "5.00e-05": -1377.5161648641006
  },
  "energy_var_7": {
    "5.00e-05": -1377.5116979222005
  },
  "energy_var_8": {
    "5.00e-05": -1377.5094995409686
  },
  "energy_var_9": {
    "5.00e-05": -1377.5087013087675
  },
  "n_elecs": 36,
  "s2": 0.0016988290410288051
}
