{
  "config": {
    "chem": {
      "point_group": "C1"
    },
    "eps_pt": 1e-10,
    "eps_vars": [
      7e-05
    ],
    "eps_vars_schedule": [
      0.002,
      0.001,
      0.0005,
      0.0002,
      0.0001
    ],
    "n_dn": 18,
    "n_states": 13,
    "n_up": 18,
    "s2": true,
    "system": "chem"
  },
  "energy_hf": -1377.3634496720733,
  "energy_total": {
    "7.00e-05": {
      "1.00e-10": {
        "uncert": 5.897588448498727e-06,
        "value": -1377.7019193367958
      }
    }
  },
  "energy_total_1": {
    "7.00e-05": {
      "1.00e-10": {
        "uncert": 7.713520591929254e-06,
        "value": -1377.5733904753533
      }
    }
  },
  "energy_total_10": {
    "7.00e-05": {
      "1.00e-10": {
        "uncert": 9.721591787818933e-06,
        "value": -1377.5245082962206
      }
    }
  },
  "energy_total_11": {
    "7.00e-05": {
      "1.00e-10": {
        "uncert": 9.521973875223196e-06,
        "value": -1377.5219655157514
      }
    }
  },
  "energy_total_12": {
    "7.00e-05": {
      "1.00e-10": {
        "uncert": 1.0522254093338472e-05,
        "value": -1377.5208011473155
      }
    }
  },
  "energy_total_2": {
    "7.00e-05": {
      "1.00e-10": {
        "uncert": 8.266832680059193e-06,
        "value": -1377.5658949947517
      }
    }
  },
  "energy_total_3": {
    "7.00e-05": {
      "1.00e-10": {
        "uncert": 8.208114920229383e-06,
        "value": -1377.5652850080442
      }
    }
  },
  "energy_total_4": {
    "7.00e-05": {
      "1.00e-10": {
        "uncert": 8.850693517399114e-06,
        "value": -1377.547726483291
      }
    }
  },
  "energy_total_5": {
    "7.00e-05": {
      "1.00e-10": {
        "uncert": 8.6944588049737e-06,
        "value": -1377.5472629673204
      }
    }
  },
  "energy_total_6": {
    "7.00e-05": {
      "1.00e-10": {
        "uncert": 1.1127477848045662e-05,
        "value": -1377.5327150426315
      }
    }
  },
  "energy_total_7": {
    "7.00e-05": {
      "1.00e-10": {
        "uncert": 8.210828398524956e-06,
        "value": -1377.5260739134796
      }
    }
  },
  "energy_total_8": {
    "7.00e-05": {
      "1.00e-10": {
        "uncert": 9.4782170416339e-06,
        "value": -1377.524685612527
      }
    }
  },
  "energy_total_9": {
    "7.00e-05": {
      "1.00e-10": {
        "uncert": 9.318734903640795e-06,
        "value": -1377.5241480303791
      }
    }
  },
  "energy_var": {
    "7.00e-05": -1377.6913514714365
  },
  "energy_var_1": {
    "7.00e-05": -1377.551769260367
  },
  "energy_var_10": {
    "7.00e-05": -1377.500784863906
  },
  "energy_var_11": {
    "7.00e-05": -1377.4983414609246
  },
  "energy_var_12": {
    "7.00e-05": -1377.4965234127328
  },
  "energy_var_2": {
    "7.00e-05": -1377.5445269848433
  },
  "energy_var_3": {
    "7.00e-05": -1377.543179063924
  },
  "energy_var_4": {
    "7.00e-05": -1377.525960864547
  },
  "energy_var_5": {
    "7.00e-05": -1377.525133410755
  },
  "energy_var_6": {
    "7.00e-05": -1377.5091836463139
  },
  "energy_var_7": {
    "7.00e-05": -1377.505496062868
  },
  "energy_var_8": {
    "7.00e-05": -1377.5027168949578
  },
  "energy_var_9": {
    "7.00e-05": -1377.5018792753335
  },
  "n_elecs": 36,
  "s2": 0.0015351757449785285
}
