{
  "config": {
    "chem": {
      "point_group": "C1"
    },
    "eps_pt": 1e-10,
    "eps_vars": [
      0.0001
    ],
    "eps_vars_schedule": [
      0.002,
      0.001,
      0.0005,
      0.0002,
      0.0001
    ],
    "n_dn": 18,
    "n_states": 13,
    "n_up": 18,
    "s2": true,
    "system": "chem"
  },
  "energy_hf": -1377.3634496720733,
  "energy_total": {
    "1.00e-04": {
      "1.00e-08": {
        "uncert": 9.917618303726336e-06,
        "value": -1377.7006158731933
      },
      "1.00e-10": {
        "uncert": 9.91482869349944e-06,
        "value": -1377.700618555442
      }
    }
  },
  "energy_total_1": {
    "1.00e-04": {
      "1.00e-08": {
        "uncert": 1.290570076658662e-05,
        "value": -1377.5690349565957
      },
      "1.00e-10": {
        "uncert": 1.2942811108522853e-05,
        "value": -1377.5690339023758
      }
    }
  },
  "energy_total_10": {
    "1.00e-04": {
      "1.00e-08": {
        "uncert": 1.3369999952497614e-05,
        "value": -1377.518572964779
      },
      "1.00e-10": {
        "uncert": 1.3377766819823245e-05,
        "value": -1377.5185730231747
      }
    }
  },
  "energy_total_11": {
    "1.00e-04": {
      "1.00e-08": {
        "uncert": 1.3702179063117734e-05,
        "value": -1377.5179592874995
      },
      "1.00e-10": {
        "uncert": 1.3679795962581354e-05,
        "value": -1377.5179592190011
      }
    }
  },
  "energy_total_12": {
    "1.00e-04": {
      "1.00e-08": {
        "uncert": 1.4617950183784055e-05,
        "value": -1377.516825646612
      },
      "1.00e-10": {
        "uncert": 1.4581455242483413e-05,
        "value": -1377.516825464433
      }
    }
  },
  "energy_total_2": {
    "1.00e-04": {
      "1.00e-08": {
        "uncert": 1.1600939619891612e-05,
        "value": -1377.5613708575152
      },
      "1.00e-10": {
        "uncert": 1.1569268794020964e-05,
        "value": -1377.5613701950601
      }
    }
  },
  "energy_total_3": {
    "1.00e-04": {
      "1.00e-08": {
        "uncert": 1.395597938923478e-05,
        "value": -1377.5612930641541
      },
      "1.00e-10": {
        "uncert": 1.3927261473153437e-05,
        "value": -1377.5612923074539
      }
    }
  },
  "energy_total_4": {
    "1.00e-04": {
      "1.00e-08": {
        "uncert": 1.3240125138905076e-05,
        "value": -1377.543621912181
      },
      "1.00e-10": {
        "uncert": 1.3234714936112586e-05,
        "value": -1377.5436215266825
      }
    }
  },
  "energy_total_5": {
    "1.00e-04": {
      "1.00e-08": {
        "uncert": 1.3123552509030768e-05,
        "value": -1377.54302524983
      },
      "1.00e-10": {
        "uncert": 1.311896323822198e-05,
        "value": -1377.5430250497227
      }
    }
  },
  "energy_total_6": {
    "1.00e-04": {
      "1.00e-08": {
        "uncert": 1.4497879699515515e-05,
        "value": -1377.5286266101925
      },
      "1.00e-10": {
        "uncert": 1.4471585157472745e-05,
        "value": -1377.5286263084747
      }
    }
  },
  "energy_total_7": {
    "1.00e-04": {
      "1.00e-08": {
        "uncert": 1.1006545375831783e-05,
        "value": -1377.5219414262283
      },
      "1.00e-10": {
        "uncert": 1.1016138090183857e-05,
        "value": -1377.5219421601137
      }
    }
  },
  "energy_total_8": {
    "1.00e-04": {
      "1.00e-08": {
        "uncert": 1.3485480586087624e-05,
        "value": -1377.5203515626847
      },
      "1.00e-10": {
        "uncert": 1.349838043216176e-05,
        "value": -1377.5203518304943
      }
    }
  },
  "energy_total_9": {
    "1.00e-04": {
      "1.00e-08": {
        "uncert": 1.397489880823778e-05,
        "value": -1377.5209356797313
      },
      "1.00e-10": {
        "uncert": 1.39605119679956e-05,
        "value": -1377.5209352848099
      }
    }
  },
  "energy_var": {
    "1.00e-04": -1377.688526774725
  },
  "energy_var_1": {
    "1.00e-04": -1377.5437576941797
  },
  "energy_var_10": {
    "1.00e-04": -1377.4920785453035
  },
  "energy_var_11": {
    "1.00e-04": -1377.4909778216272
  },
  "energy_var_12": {
    "1.00e-04": -1377.488771214974
  },
  "energy_var_2": {
    "1.00e-04": -1377.5361045287848
  },
  "energy_var_3": {
    "1.00e-04": -1377.5358981713105
  },
  "energy_var_4": {
    "1.00e-04": -1377.5183694200632
  },
  "energy_var_5": {
    "1.00e-04": -1377.5174780359005
  },
  "energy_var_6": {
    "1.00e-04": -1377.5015859907546
  },
  "energy_var_7": {
    "1.00e-04": -1377.498006275085
  },
  "energy_var_8": {
    "1.00e-04": -1377.4945141524893
  },
  "energy_var_9": {
    "1.00e-04": -1377.4929341034879
  },
  "n_elecs": 36,
  "s2": 0.0017551457662230813
}
